"timestamp","price","ma5","ma10","macd","signalLine","rsi"
2023-06-25 18:00:30.293,30469.3591211556,0,0,0,0,0
2023-06-25 22:00:21.902,30236.233618476,0,0,0,0,0
2023-06-26 02:00:54.258,30401.9905479109,0,0,0,0,0
2023-06-26 06:00:40.556,30323.5666456704,0,0,0,0,0
2023-06-26 10:00:12.684,30443.0526986107,30374.8405263647,0,0,0,0
2023-06-26 14:00:17.1,30259.4277474062,30332.8542516149,0,0,0,0
2023-06-26 18:00:23.105,30285.5050640707,30342.7085407338,0,0,0,0
2023-06-26 22:00:29.78,30403.9898904192,30343.1084092355,0,0,0,0
2023-06-27 02:01:32.229,30412.2530434214,30360.8456887856,0,0,0,0
2023-06-27 06:00:36.618,30709.3653110795,30414.1082112794,30394.4743688221,0,0,0
2023-06-27 10:00:55.218,30606.5486043298,30483.5323826641,30408.1933171395,0,0,0
2023-06-27 14:00:39.879,30707.8652842706,30568.0044267041,30455.3564837189,0,0,0
2023-06-27 18:00:46.176,30693.546356068,30625.9157198338,30484.5120645347,0,0,0
2023-06-27 22:00:58.607,30468.1485390544,30637.0948189604,30498.970253873,0,0,0
2023-06-28 02:00:49.679,30180.9302175186,30531.4078002483,30472.7580057638,0,0,42.6474592338441
2023-06-28 06:00:09.985,30365.9464462377,30483.2873686298,30483.409875647,0,0,47.936274599885
2023-06-28 10:00:16.219,30390.9154105249,30419.8973938807,30493.9509102924,0,0,48.6248229821434
2023-06-28 14:00:14.888,30073.8701467126,30295.9621520096,30460.9389359217,0,0,41.1780164736884
2023-06-28 18:01:22.37,30083.4772452638,30219.0278932515,30428.061356106,0,0,41.4705275429396
2023-06-28 22:00:32.175,30166.2195581461,30216.085761377,30373.7467808126,0,0,44.0510899405738
2023-06-29 02:00:08.838,30347.2049828059,30212.3374686907,30347.8124186603,0,0,49.3151248868317
2023-06-29 06:00:47.791,30648.6949056145,30263.8933677086,30341.8953807947,0,0,56.6346639418813
2023-06-29 10:00:42.068,30472.2848451681,30343.5763073997,30319.7692297047,0,0,51.9107907813437
2023-06-29 14:00:16.054,30586.8708615357,30444.2550306541,30331.6414619528,0,0,54.5619080698469
2023-06-29 18:00:10.079,30466.6104568935,30504.3332104035,30360.2094858903,0,0,51.3615737315984
2023-06-29 22:00:37.586,30708.5298039608,30576.5981746345,30394.4678216626,41.9207306912795,0,56.8451964837734
2023-06-30 02:00:33.831,30739.9071245287,30594.8406184174,30429.366993063,61.0143396000276,0,57.5142506420143
2023-06-30 06:00:58.017,30866.8673395186,30673.7571172875,30508.6667123436,85.4062800878382,0,60.2028180468477
2023-06-30 10:00:02.075,30036.7625091933,30563.735446819,30503.9952387365,37.3242950869499,0,41.6460766443435
2023-06-30 14:00:42.48,30423.0732864561,30555.0280127315,30529.6806115675,30.0446902657714,0,49.4543848603084
2023-06-30 18:00:38.356,30480.7814819445,30509.4783483282,30543.0382614814,28.6024093164524,0,50.5195234380218
2023-06-30 22:00:43.471,30389.5369836474,30439.404320152,30517.1224692847,19.8677003402481,0,48.7695741312059
2023-07-01 02:00:41.833,30440.2796950327,30354.0867912548,30513.9219542711,16.8457064626746,0,49.8107605696762
2023-07-01 06:00:18.143,30541.601544727,30455.0545983615,30509.3950225903,22.368728255431,38.1549866785192,51.9123515690155
2023-07-01 10:00:07.191,30574.0367401177,30485.2472890939,30520.1376509127,29.0283907936791,36.3296675015512,52.5966487075579
2023-07-01 14:00:29.988,30616.472219868,30512.3854366786,30510.9318925034,37.3004337220336,36.5238207456477,53.5283917697717
2023-07-01 18:00:35.097,30583.6195996975,30551.2019598886,30495.3031400203,40.7355810315348,37.3661728028251,52.6653385418699
2023-07-01 22:00:21.572,30505.9378796336,30564.3335968088,30459.2101940318,36.7658802457772,37.2461142914155,50.5883348226279
2023-07-02 02:00:35.614,30508.873095155,30557.7879068944,30506.421252628,33.4708796689447,36.4910673669214,50.6675031257268
2023-07-02 06:00:39.596,30538.9071529351,30550.7619894579,30518.0046392759,32.9037712374266,35.7736081410224,51.5233830710156
2023-07-02 10:00:07.847,30474.9270474251,30522.4529549693,30517.4191958239,26.9806576821575,34.0150180492494,49.5511898396395
2023-07-02 14:01:16.211,30555.5010721267,30516.8292494551,30534.0156046718,28.4601272924665,32.9040398978928,52.0409115219937
2023-07-02 18:00:32.754,30571.8870728714,30530.0190881027,30547.1763424557,30.6020693281316,32.4436457839406,52.5537310285662
2023-07-02 22:00:26.265,30772.6105676746,30582.7665826066,30570.2772447505,47.9436181514466,35.5436402574418,58.4191247028284
2023-07-03 02:00:49.325,30663.3971287417,30607.6645777679,30579.2132836129,52.2717525209155,38.8892627101365,54.4732698890148
2023-07-03 06:00:24.732,30642.5492238404,30641.189013051,30581.8209840101,53.4039707667471,41.7922043214586,53.7272478311352
2023-07-03 10:00:54.545,31049.8752296134,30740.0638445483,30628.4465470017,86.175686710274,50.6689007992217,64.0783927293124
2023-07-03 14:00:14.635,31276.6497563439,30881.0163812428,30705.5177346727,128.959749063786,66.3270704521346,68.3265039080996
2023-07-03 18:00:52.634,31134.7131335084,30953.4368944096,30768.1017385081,149.687819467115,82.9992202551308,63.2821427635275
2023-07-03 22:00:35.032,31220.784407899,31064.914350241,30836.2894640044,171.088001136581,100.616976431421,64.9710008217294
2023-07-04 02:00:51.106,30922.496683334,31120.9038421398,30881.0464275953,162.109772266889,112.915535598514,55.4519344685728
2023-07-04 06:00:50.192,31032.007922491,31117.3303807153,30928.6971126318,161.964081862792,122.72524485137,57.8911818377694
2023-07-04 10:00:41.408,30969.6052842755,31055.9214863016,30968.4689337722,155.026204202928,129.185436721682,56.0092005111202
2023-07-04 14:01:13.517,30724.6790182029,30973.9146632405,30963.675778825,128.285587042512,129.005466785848,49.2427311362904
2023-07-04 18:01:23.149,30763.6003338961,30882.4778484399,30973.6960993404,108.977851350563,124.999943698791,50.270866908291
2023-07-04 22:01:15.643,30874.0492928878,30872.7883703507,30996.8461062452,101.419538333699,120.283862625772,53.1697927241854
2023-07-05 02:00:34.059,30783.1007813388,30823.0069421203,30970.1686614177,87.0868529879845,113.644460698215,50.5563065652995
2023-07-05 06:00:06.927,30411.1413951337,30711.3141642919,30883.6178252967,45.1931245100131,99.9541934605745,41.5591291299519
2023-07-05 10:01:21.69,30335.4315767805,30633.4646760074,30803.6896696239,5.81585173687927,81.1265251158354,39.9987894266099
2023-07-05 14:00:05.739,30503.7756338035,30581.4997359889,30731.9887922144,-11.6724098668674,62.5667381192949,44.9482107822557
2023-07-05 18:00:39.939,30484.7937744235,30503.648632296,30688.2185013233,-26.7552428133167,44.7023419327726,44.5024478404727
2023-07-05 22:00:52.104,30510.5342371484,30449.135323458,30636.0711327891,-36.2140038752041,28.5190727711772,45.2947356152498
2023-07-06 02:00:40.622,30791.1320945996,30525.1334633512,30618.2238138215,-20.8281442395491,18.649629369032,53.1470666030793
2023-07-06 06:00:11.511,31105.5392833553,30679.1550046661,30656.3098403367,16.5445773043866,18.2286189561029,60.0641798261132
2023-07-06 10:01:00.941,30429.7185996531,30664.343597836,30622.9216669124,-8.27496408676961,12.9279023475284,44.7654664709293
2023-07-06 14:00:44.044,30288.8082929863,30625.1465015486,30564.3975669223,-38.8668803628098,2.56894580546076,42.3437429228221
2023-07-06 18:00:03.183,29990.0551512202,30521.050684363,30485.0930039104,-86.2241379807856,-15.1896709517885,37.6884774917023
2023-07-06 22:00:01.508,30124.030253187,30387.6303160804,30456.3818897157,-111.657318715694,-34.4832005045696,40.8300885838701
2023-07-07 02:00:24.856,30091.6066096132,30184.843781332,30431.999392999,-132.897653323391,-54.1660910683338,40.3005261389059
2023-07-07 06:00:00.773,30140.0400678256,30126.9080749665,30395.6258364012,-144.160800257516,-72.1650329061702,41.5206605097585
2023-07-07 10:00:22.145,30361.2192160013,30141.3902595695,30383.268380559,-133.698424351347,-84.4717111952056,46.8617269325291
2023-07-07 14:00:37.261,30221.2037589315,30187.6199811117,30354.3353327373,-135.1471016344,-94.6067892830445,44.1149237740388
2023-07-07 18:00:15.395,30315.2654023516,30225.8670109447,30306.7486635125,-127.238474370977,-101.133126300631,46.388394294522
2023-07-07 22:00:31.443,30287.9505711918,30265.1358032604,30224.9897922962,-121.771206215843,-105.260742283673,45.8056431881894
2023-07-08 02:01:09.768,30189.9746227399,30275.1227142433,30201.0153946048,-123.915773136436,-108.991748454226,43.6857256858091
2023-07-08 06:00:44.863,30205.4104819694,30243.9609674369,30192.6756135031,-122.952493228149,-111.783897409011,44.1244761599175
2023-07-08 10:00:53.02,30211.7055951307,30242.0613346767,30214.8406578942,-120.294444464031,-113.486006820015,44.3150198587034
2023-07-08 14:00:18.305,30131.17944367,30205.2441429404,30215.5555769425,-123.264789344114,-115.441763324834,42.3266159120711
2023-07-08 18:01:22.514,30264.1973452572,30200.4934977535,30232.8146505069,-113.576141025609,-115.068638864989,46.5898147117508
2023-07-08 22:00:34.606,30308.2948055986,30224.1575343252,30249.6401242842,-101.173258571907,-112.289562806373,47.9630968204281
2023-07-09 02:00:31.425,30262.3965298325,30235.5547438978,30239.7578556673,-93.9643298322953,-108.624516211557,46.6194945951972
2023-07-09 06:00:45.193,30274.8089484872,30248.1754145691,30245.1183746229,-86.255325715334,-104.150678112313,47.0514730713145
2023-07-09 10:00:38.869,30352.9403315246,30292.52759214,30248.8858675402,-72.9998380797952,-97.9205101058092,49.8050260689909
2023-07-09 14:01:25.158,30242.5895059963,30288.2060242879,30244.3497610206,-70.5854923894804,-92.4535065625435,46.1542436240236
2023-07-09 18:01:00.244,30169.8706574792,30260.521194664,30242.3393644946,-73.6904517173534,-88.7008955935055,43.8720284590254
2023-07-09 22:00:35.596,30174.176479091,30242.8771845157,30239.2159642067,-74.9398505867794,-85.9486865921602,44.0484496691291
2023-07-10 02:00:48.956,30093.5104221388,30206.617479246,30227.3964469075,-81.4996080836609,-85.0588708904604,41.4216990842346
2023-07-10 06:00:51.332,30198.8179838161,30175.7930097043,30234.1603009221,-77.3096455547202,-83.5090258233123,45.9529067235465
2023-07-10 10:00:33.539,30288.3442843566,30184.9439653764,30236.5749948321,-66.0041905894504,-80.00805877654,49.5273550420978
2023-07-10 14:00:45.534,30794.2899692008,30309.8278277207,30285.1745111923,-16.0341163631128,-67.2132702938545,64.0125821228442
2023-07-10 18:00:41.269,30405.3989826654,30356.0723284356,30299.4747564756,-7.72369113603418,-55.3153544622905,51.7247262359348
2023-07-10 22:00:54.03,30458.0991790602,30428.9900798198,30317.8037795329,3.07934932278295,-43.6364137052758,53.0402702763212
2023-07-11 02:00:11.024,30545.2293019556,30498.2723434477,30337.032676576,18.4587287243667,-31.2173852193473,55.213322998321
2023-07-11 06:00:30.102,30415.3097516889,30523.6654369142,30354.3047011452,19.9337914396601,-20.9871498875458,51.394314558828
2023-07-11 10:01:15.252,30608.6765007828,30486.5427432306,30398.1852854756,36.2875693757851,-9.53220603487964,56.2452340622615
2023-07-11 14:01:02.143,30586.2737135758,30522.7176894127,30439.3950089241,46.8997078747379,1.75417674704388,55.5534776583562
2023-07-11 18:00:12.784,30620.814246978,30555.2607029962,30492.125391408,57.4349619800851,12.8903337936521,56.4429603162724
2023-07-11 22:00:25.997,30596.6857311647,30565.5519888381,30531.9121661428,63.1097670748859,22.9342204498989,55.6058049163765
2023-07-12 02:01:24.856,30779.3077659466,30638.3515916896,30581.0085143019,81.4047793445861,34.6283322288363,60.3939281809988
2023-07-12 06:00:34.139,30775.6851906167,30671.7533296564,30579.1480364434,94.5218082549945,46.607027434068,60.255098645975
2023-07-12 10:00:42.274,30495.4984180964,30653.5982705605,30588.1579799866,81.3704295848365,53.5597078642217,50.5720140213783
2023-07-12 14:00:20.272,30277.944094026,30585.0242399701,30570.1424714831,52.784583640092,53.4046830193958,44.5813141023365
2023-07-12 18:00:44.663,30407.7366972784,30547.2344331929,30556.3932110154,40.1405577759979,50.7518579707162,48.5008469613669
2023-07-12 22:00:16.347,30288.5822387154,30449.0893277466,30543.7204597181,20.2716284782946,44.6558120722319,45.3311355573565
2023-07-13 02:00:30.135,30383.4976469763,30370.6518190186,30521.2025743374,12.0453873401821,38.1337271258219,48.2333630845846
2023-07-13 06:00:44.776,30570.4135646254,30385.6348483243,30519.6165594424,20.3737287414187,34.5817274489413,53.4718020370259
2023-07-13 10:00:45.544,30993.4641978701,30528.7388690932,30556.8815545316,60.4142321637191,39.7482283918969,62.6774436578714
2023-07-13 14:00:31.151,31666.7300917148,30780.5375479805,30663.8859905866,144.80433626665,60.7594499668476,72.1284475042512
2023-07-13 18:01:26.868,31446.0149710716,31012.0240944517,30730.5567110991,191.664843119157,86.9405285973095,66.2093432048357
2023-07-13 22:00:48.141,31468.0590312245,31228.9363713013,30799.7940951599,227.953201228109,115.143063123469,66.504990356665
2023-07-14 02:01:29.88,31116.139478784,31338.081554133,30861.8582012286,225.713139138981,137.257078326572,57.8091746383523
2023-07-14 06:00:55.454,31221.0228039534,31383.5932753497,30956.1660722214,229.75263621498,155.756189904253,59.5084667791323
2023-07-14 10:00:40.64,31288.7917488585,31308.0056067784,31044.2715773794,235.705290369915,171.746009997386,60.6123399256939
2023-07-14 14:00:47.92,30131.8992060086,31045.1824537658,31028.6032741087,145.395226356617,166.475853269232,40.376209405604
2023-07-14 18:01:31.63,30316.4264961308,30814.8559467471,31021.8961590242,87.7026782493122,150.721218265248,43.6100625946554
2023-07-14 22:00:21.116,30320.9311056412,30655.8142721185,30996.9479131257,41.8618452686424,128.949343665927,43.69035320309
2023-07-15 02:00:24.292,30349.141236335,30481.4379585948,30932.5156169722,7.71998546427858,104.703472025597,44.2259377594745
2023-07-15 06:00:35.663,30323.6020826746,30288.400025358,30798.2028160682,-21.1546233407025,79.5318529523373,43.8195883600807
2023-07-15 10:01:27.413,30312.5249511092,30324.5251743782,30684.8538140719,-44.4197475909532,54.7415328436792,43.6323320361
2023-07-15 14:00:37.511,30346.532189582,30330.5463130684,30572.7011299077,-59.4283729505478,31.9075516848338,44.4176291544821
2023-07-15 18:00:43.33,30306.3255413684,30327.6252002138,30491.7197361661,-73.7173889963196,10.7825635486031,43.6434627448823
2023-07-15 22:00:55.772,30189.0632484407,30295.609602635,30388.5237806149,-93.4266598184768,-10.0592811248129,41.3783129605803
2023-07-16 02:00:30.943,30282.4438061487,30287.3779473298,30287.8889863439,-100.354543638976,-28.1183336276455,43.8763914288066
2023-07-16 06:00:46.506,30314.6298087757,30287.7989188631,30306.1620466206,-102.071186951012,-42.9089042923189,44.7503137697718
2023-07-16 10:00:45.504,30390.6004170146,30296.6125643496,30313.579438709,-96.1925975843951,-53.5656429507341,46.8539073629637
2023-07-16 14:00:58.124,30276.127985236,30290.5730531231,30309.0991266685,-99.6223571959163,-62.7769857997705,44.1275556369447
2023-07-16 18:00:32.724,30237.3347851461,30300.2273604642,30297.9184815496,-104.268807528966,-71.0753501456097,43.2099435018904
2023-07-16 22:00:43.986,30305.2946005635,30304.7975193472,30296.0877333385,-101.299644508417,-77.1202090181712,45.3537752998582
2023-07-17 02:01:12.404,30285.8129467367,30299.0341469394,30293.4165329012,-99.3730573245557,-81.5707786794481,44.8313091674841
2023-07-17 06:00:43.514,30183.5297544257,30257.6200144216,30277.1162893856,-104.890509403893,-86.234724824337,42.089829664484
2023-07-17 10:00:35.38,30171.1453995195,30236.6234972783,30263.5982752007,-109.005891801546,-90.7889582197788,41.7568747973262
2023-07-17 14:01:12.196,29877.2339837338,30164.6033369959,30232.41534873,-134.433886770632,-99.5179439299494,34.7343252085628
2023-07-17 18:01:18.605,30151.7281924894,30133.890055381,30219.3437873641,-130.92712102778,-105.799779349516,44.17674674365
2023-07-17 22:00:50.588,30103.7181086679,30097.4710877673,30198.2526173533,-130.517472263127,-110.743317932238,43.0048221473571
2023-07-18 02:00:56.095,30016.9721475848,30064.1595663991,30160.8897904103,-135.62904950243,-115.720464246276,40.8939289554293
2023-07-18 06:00:44.83,30007.3922148875,30031.4089294727,30134.0162133755,-138.852427446363,-120.346856886294,40.6565851616087
2023-07-18 10:00:43.605,29875.3431022927,30031.0307531845,30097.8170450901,-150.329334504626,-126.34335240996,37.4316859729178
2023-07-18 14:00:02.214,29720.0225312092,29944.6896209284,30039.2898381547,-169.99830343153,-135.074342614274,34.014078867078
2023-07-18 18:00:36.814,29848.0322725053,29893.5524536959,29995.5117707316,-173.259558374215,-142.711385766262,38.9605142055326
2023-07-18 22:00:24.169,30060.6166413633,29902.2813524516,29983.2204594253,-156.881907513005,-145.545490115611,46.1763580302673
2023-07-19 02:00:33.058,30034.224597877,29907.6478290495,29969.5283792611,-144.367934865517,-145.309979065592,45.4578827406882
2023-07-19 06:00:36.403,29998.8312608109,29932.3454607532,29981.6881069688,-135.741721818024,-143.396327616078,44.4588413604124
2023-07-19 10:00:04.131,29972.5798767392,29982.8569298592,29963.7732753938,-129.530506087754,-140.623163310414,43.6918506728542
2023-07-19 14:00:44.465,30053.623926934,30023.9752607449,29958.7638572204,-116.722985416451,-135.843127731621,46.746316147419
2023-07-19 18:00:08.154,29919.8748382552,29995.8269001233,29949.0541262874,-116.02786962366,-131.880076110029,42.6358310539733
2023-07-19 22:00:43.585,29942.8915649299,29977.5602935339,29942.6040612917,-112.324916152422,-127.969044118507,43.5556525495634
2023-07-20 02:00:39.855,30223.9497437837,30022.5839901284,29977.4647254408,-85.7230902917181,-119.51985335315,53.3850224440973
2023-07-20 06:00:40.264,30309.6982886047,30090.0076725015,30036.4323011803,-57.0639628619574,-107.028675254911,55.9078178366682
2023-07-20 10:00:11.572,29815.4861183866,30042.380110792,30033.1776857684,-73.3842616410875,-100.299792532146,41.8498676715417
2023-07-20 14:00:55.843,29732.6528557286,30004.9357142867,30000.381307205,-91.9423142682099,-98.6282968793591,40.0329187105164
2023-07-20 18:00:36.989,29787.0415303557,29973.7657073719,29975.6630004528,-101.095625737802,-99.1217626510477,41.8190677964688
2023-07-20 22:01:34.425,29898.4019224365,29908.6561431024,29965.6200666154,-98.2314866293273,-98.9437074467036,45.404709840728
2023-07-21 02:00:25.391,29786.0846721712,29803.9334198157,29946.9705461586,-103.827836504192,-99.9205332582012,42.5560047019435
2023-07-21 06:00:37.283,29773.6958906372,29795.5753742659,29918.9777425289,-108.017496767796,-101.53992596012,42.2411939225931
2023-07-21 10:00:46.96,29876.6976436798,29824.3843318561,29914.6600230714,-101.852361440808,-101.602413056258,45.8292118605839
2023-07-21 14:00:33.608,29854.3320977756,29837.8424453401,29905.8040763559,-97.6455626505849,-100.811042975123,45.1730136628479
2023-07-21 18:00:48.827,29914.682728359,29841.0986065246,29874.8773748135,-88.4225724105636,-98.3333488622112,47.3631421469153
2023-07-21 22:00:33.078,29925.3386106205,29868.9493942144,29836.441407015,-79.3388763736111,-94.5344543644912,47.759941683429
2023-07-22 02:00:49.85,29946.7101675142,29903.5522495898,29849.5638119278,-69.613020223529,-89.5501675362988,48.5968964219531
2023-07-22 06:00:07.238,29889.8374145018,29906.1802037542,29865.2822678051,-65.7365944747507,-84.7874529239892,46.4635401472146
2023-07-22 10:00:35.575,29893.0894580041,29913.9316758,29875.88706057,-61.6909515206789,-80.1681526433271,46.6078742131272
2023-07-22 14:00:54.42,29833.4789748685,29897.6909251019,29869.3947658132,-62.5735096669596,-76.6492240480536,44.2527673945208
2023-07-22 18:00:35.833,29710.1559359918,29854.6543901761,29861.8018921952,-72.3896194678382,-75.7973031320105,39.7749422388595
2023-07-22 22:00:24.999,29852.7171498272,29835.8557866387,29869.7040181142,-67.8829463338661,-74.2144317723817,46.5127527642377
2023-07-23 02:00:48.182,29897.834200551,29837.4551438486,29871.8176738013,-59.9794012699313,-71.3674256718916,48.4773074434391
2023-07-23 06:00:36.157,29891.9890283231,29837.2350579124,29875.5833668561,-53.5699207135731,-67.8079246802279,48.2301499516597
2023-07-23 10:00:34.4,29897.1458468332,29849.9684323053,29873.8296787035,-47.5263943485115,-63.7516186138846,48.4797144293261
2023-07-23 14:00:06.815,30054.9952960812,29918.9363043232,29886.7953472496,-29.657847605693,-56.9328644122463,55.5441951836535
2023-07-23 18:01:13.247,30057.9567187146,29959.9842181007,29897.9200023696,-15.0840539349483,-48.5631023167867,55.6670157103295
2023-07-23 22:00:32.714,29708.1612557221,29922.0496291349,29879.7523864917,-31.3978530477543,-45.1300524629802,41.1911422529669
2023-07-24 02:00:38.825,29837.9715467936,29911.246132829,29874.2405953706,-33.4662724033878,-42.7972964510618,46.7275624273364
2023-07-24 06:00:42.242,29260.164640183,29783.8498914989,29816.9091619021,-80.7983055039076,-50.3974982616309,32.1975170958248
2023-07-24 10:00:37.892,29083.4511774704,29589.5410677768,29754.2386860499,-131.057829254853,-66.5295644602753,29.2063372229343
2023-07-24 14:00:32.53,29116.6692441872,29401.2835728713,29680.6338954859,-166.291538219008,-86.4819592120217,30.5131464537559
2023-07-24 18:01:19.206,29184.9019130577,29296.6317043384,29609.3406667366,-186.558173785656,-106.497202126749,33.2392461345367
2023-07-24 22:01:21.111,29108.8660960767,29150.810614195,29531.028373512,-206.376108147913,-126.472983330981,31.7446621116107
2023-07-25 02:01:10.575,29141.1789564048,29127.0134774394,29455.4316844691,-216.973451247177,-144.573076914221,33.1209246854899
2023-07-25 06:01:00.929,29119.7399151687,29134.2712249791,29361.9061463779,-224.51381791932,-160.56122511524,32.6505223683514
2023-07-25 10:01:04.256,29203.072875078,29151.5519511572,29276.4177620142,-221.215307052371,-172.692041502667,36.4298649845421
2023-07-25 14:00:28.494,29200.7793621424,29154.7274409742,29225.6795726562,-216.2929898033,-181.412231162793,36.3693745179326
2023-07-25 18:01:21.37,29222.9746303835,29177.5491478355,29164.1798810152,-208.2010333547,-186.769991601175,37.4517756691908
2023-07-25 22:00:02.91,29247.8056553462,29198.8744876238,29162.9439825316,-197.507697583362,-188.917532797612,38.7079364450413
2023-07-26 02:01:31.862,29205.5011950949,29216.026743609,29175.148984294,-190.253642767369,-189.184754791564,37.3323381485581
2023-07-26 06:01:08.37,29167.3095351901,29208.8740756315,29180.2130133943,-185.448761946478,-188.437556222547,36.0855518511719
2023-07-26 10:00:14.452,29313.4991929342,29231.4180417898,29193.072741382,-167.909024936882,-184.331849965414,43.8198752473466
2023-07-26 14:00:50.107,29354.7398865779,29257.7710930287,29217.6601204321,-148.963716676455,-177.258223307622,45.8120171203334
2023-07-26 18:01:26.275,29363.6729079786,29280.9445435552,29239.9095155894,-131.710328535311,-168.14864435316,46.2565665624094
2023-07-26 22:02:02.261,29428.2225054932,29325.4888056348,29270.7577746219,-111.542488696665,-156.827413221861,49.4816858425995
2023-07-27 02:00:16.808,29416.0637486939,29375.2396483356,29292.0568619835,-95.4402644230577,-144.5499834621,48.8865852368434
2023-07-27 06:01:19.996,29513.0054522371,29415.1409001962,29323.279470993,-74.0036819953057,-130.440723168741,53.6707620342619
2023-07-27 10:00:51.787,29327.9620108191,29409.7853250444,29333.7782090365,-71.126592149405,-118.577896964874,45.0104521388462
2023-07-27 14:00:56.631,29155.3481608239,29368.1203756135,29324.5324595843,-81.8316682851437,-111.228651228928,38.7320045745462
2023-07-27 18:00:22.287,29201.2363568216,29322.7231458792,29324.105975757,-85.6256847417098,-106.108057931484,41.0847589183326
2023-07-27 22:01:29.681,29225.1301870303,29284.5364335464,29329.888040941,-85.7163529489553,-102.029716934979,42.3266613505731
2023-07-28 02:00:58.286,29144.2568953789,29210.7867221748,29312.9638111855,-91.2619954316797,-99.8761726343188,39.3065124171898
2023-07-28 06:01:09.718,29222.6547942481,29189.7252788606,29299.7553019525,-88.3128858381897,-97.563515275093,43.5141470805113
2023-07-28 10:01:44.145,29387.5486609072,29236.1653788773,29302.1428772453,-71.8419885503936,-92.4192099301531,51.1802743827719
2023-07-28 14:01:13.719,29313.4933305931,29258.6167736316,29290.6699597553,-64.0262749904214,-86.7406229422068,48.0277048528771
2023-07-28 18:01:29.544,29314.0973870984,29276.4102136452,29280.4733235958,-57.1250216824374,-80.8175026902529,48.0558112357236
2023-07-28 22:01:19.414,29365.5607109242,29320.6709767542,29265.7288494645,-46.9617230683361,-74.0463467658696,50.5113328904909
2023-07-29 02:01:22.476,29307.8663306097,29337.7132840265,29263.7192814435,-43.0662491015464,-67.8503272330049,47.7841692119207
2023-07-29 06:01:40.431,29275.9521277274,29315.3939773906,29275.7796781339,-42.0693184560514,-62.6941254776142,46.29517411036
2023-07-29 10:00:45.612,29291.8771661874,29311.0707445094,29284.8437590705,-39.5384515665501,-58.0629906954014,47.1796613711045
2023-07-29 14:01:42.295,29335.4344290147,29315.3381528927,29295.8741832689,-33.6303445578778,-53.1764614678967,49.623491997032
2023-07-29 18:01:23.057,29356.7477459167,29313.5755598912,29317.1232683227,-26.9180263844537,-47.9247744512081,50.8224715193764
2023-07-29 22:00:30.515,29316.4947455976,29315.3012428888,29326.5072634576,-24.5633950616757,-43.2524985733016,48.4758603715156
2023-07-30 02:01:29.157,29291.4296862859,29318.3967546004,29316.8953659955,-24.4381656221194,-39.4896319830652,47.0199889065686
2023-07-30 06:01:31.98,29280.924410272,29316.2062034174,29313.6384739634,-24.899581491125,-36.5716218846771,46.3911262036779
2023-07-30 10:01:06.965,29377.387821328,29324.5968818801,29319.9675173863,-17.2822468143313,-32.713746870608,52.6530165871906
2023-07-30 14:01:05.446,29173.8834004522,29288.0240127872,29300.7997863391,-27.3512717748636,-31.6412518514591,41.6105086856001
2023-07-30 18:00:00.588,29277.7558102727,29280.2762257222,29297.7887343054,-26.6422954274894,-30.6414605666652,47.6459095709357
2023-07-30 22:01:09.607,29419.4378531667,29305.8778590984,29312.1373068494,-14.4809424979467,-27.4093569529215,54.5472145476454
2023-07-31 02:01:01.585,29379.2910903271,29325.5511951094,29320.8786992633,-7.99038276545252,-23.5255621154277,52.43787688946
2023-07-31 06:01:10.402,29389.8025828333,29328.0341474104,29326.3155146452,-1.97560428205543,-19.2155705487532,52.9508841719088
2023-07-31 10:01:38.443,29250.0065952407,29343.2587863681,29315.6413995776,-8.39247366249037,-17.0509511715007,45.865499549655
2023-07-31 14:00:59.692,29220.0055523229,29331.7087347782,29305.9924802501,-15.7175402911707,-16.7842689954347,44.4896359062682
2023-07-31 18:01:06.989,29225.7890399032,29292.9789721255,29299.4284156119,-20.8160745061978,-17.5906300975873,44.8331979789197
2023-07-31 22:01:12.285,28836.3628926342,29184.3933325869,29254.9722638481,-55.6387660578766,-25.2002572896452,30.9450946795377
2023-08-01 02:01:08.769,28922.768533406,29090.9865227014,29209.5103350559,-75.3946839235941,-35.239142616435,35.7042222287029
2023-08-01 06:00:55.22,28876.0727583824,29016.1997553298,29179.7292708489,-93.7387875647364,-46.9390716060953,34.3273511457803
2023-08-01 10:01:13.747,28893.1736762383,28950.8333801129,29141.2710574455,-105.678524462426,-58.6869621773614,35.3112020731348
2023-08-01 14:00:42.549,29257.2255102627,28957.1206741848,29125.0498231551,-84.7875335687822,-63.9070764556456,51.8490249853163
2023-08-01 18:00:49.131,29694.1640784302,29128.680911344,29156.5371219654,-32.5982100966648,-57.6453031838494,63.8082012252273
2023-08-01 22:01:16.409,29613.4376052386,29266.8147257105,29178.9006242059,2.22263191431921,-45.6717161642157,60.8034752976442
2023-08-02 02:01:14.816,29569.1740254673,29405.4349791274,29210.8173672286,25.9475914350187,-31.3478546443688,59.1584949368483
2023-08-02 06:00:51.062,29530.8100781135,29532.9622595025,29241.8978198076,41.1794517670642,-16.8423933620822,57.7014253556815
2023-08-02 10:00:58.698,29316.1114246272,29544.7394423754,29250.93005828,35.5170058600233,-6.37051351766112,50.2432645530907
2023-08-02 14:00:15.799,29163.6056046116,29438.6277476117,29283.6543294778,18.5101579730945,-1.39437921951001,45.7224520535013
2023-08-02 18:01:18.414,29153.0185611272,29346.5439387894,29306.6793322499,4.13021205183395,-0.289460965241215,45.4169392116197
2023-08-02 22:02:04.674,29166.0539529674,29265.9199242894,29335.6774517084,-6.14333497104599,-1.46023576640217,45.8962983525342
2023-08-03 02:00:09.192,29010.5436241427,29161.8666334952,29347.4144464988,-26.5277831149142,-6.47374523610458,41.2428814754685
2023-08-03 06:00:07.809,29107.6714114906,29120.1786308679,29332.4590366216,-34.4481080760597,-12.0686178040956,44.9941012134054
2023-08-03 10:01:42.847,29232.1768388792,29133.8928777214,29286.2603126665,-30.3288629624694,-15.7206668357704,49.4493148393724
2023-08-03 14:00:07.402,29258.0978016969,29154.9087258354,29250.7263323123,-24.6881369881594,-17.5141608662482,50.3509232896136
2023-08-03 18:01:10.777,29172.6076117407,29156.21945759,29211.0696909397,-26.8071487485213,-19.3727584427028,47.3512613304345
2023-08-03 22:01:02.097,29137.0314633925,29181.51702544,29171.6918294676,-30.9998319190454,-21.6981731379713,46.1199136652925
2023-08-04 02:00:57.11,29162.8725586283,29192.5572548675,29156.3679428677,-31.8700253025709,-23.7325435708912,47.1940724564856
2023-08-04 06:00:10.954,29150.2534847885,29176.1725840494,29155.0327308854,-33.1952593389615,-25.6250867245053,46.704407170588
2023-08-04 10:01:06.817,29255.678710525,29175.688765815,29165.2987458252,-25.4452650427411,-25.5891223881524,51.2547671216587
2023-08-04 14:01:37.512,28994.4959526538,29140.0664339976,29148.1429457938,-39.91844945517,-28.454987801556,41.7454692901919
2023-08-04 18:01:29.907,29080.3016972763,29128.7204807744,29155.1187531072,-43.9580251422631,-31.5555952696974,45.3337779305321
2023-08-04 22:01:17.768,29052.6343287907,29106.6728348069,29149.6150448372,-48.8290722390593,-35.0102906635698,44.3844268007123
2023-08-05 02:01:17.939,29012.492971787,29079.1207322066,29127.646658128,-55.2911225489443,-39.0664570406447,42.9781790253224
2023-08-05 06:01:17.739,29011.8859693151,29030.3621839646,29103.0254748898,-59.7723060652788,-43.2076268455715,42.9560155267287
2023-08-05 10:01:22.194,29012.9946762202,29034.0619286779,29087.0641813377,-62.5135950948788,-47.068820495433,43.0138212471436
2023-08-05 14:01:47.747,29036.3460884996,29025.2708069225,29076.9956438484,-62.086132299828,-50.072282856312,44.2942115409606
2023-08-05 18:00:52.057,29046.8004570232,29024.104032569,29065.3884336879,-60.2097245605146,-52.0997711971525,44.8911961829556
2023-08-05 22:01:19.547,29028.0308485309,29027.2116079178,29053.1661700622,-59.5507445355324,-53.5899658648285,43.9799007987118
2023-08-06 02:01:30.138,29058.8616045681,29036.6067349684,29033.4844594665,-55.8963751507581,-54.0512477220144,45.9218309976122
2023-08-06 06:00:19.801,29031.8189547617,29040.3715906767,29037.2167596773,-54.553517923312,-54.151701762274,44.4658162826056
2023-08-06 10:01:16.969,28978.415398708,29028.7854527184,29027.0281298204,-57.139842026616,-54.7493298151424,41.6568979617294
2023-08-06 14:01:22.071,29044.4774604823,29028.3208534102,29026.2124429896,-53.2450899771102,-54.4484818475359,46.1856406521016
2023-08-06 18:01:10.239,29044.2043755776,29031.5555588196,29029.3835833686,-49.6086489623231,-53.4805152704933,46.1696864419325
2023-08-06 22:01:25.577,29106.4247392982,29041.0681857656,29038.837460367,-41.2307969421126,-51.0305716048172,50.3758035344011
2023-08-07 02:00:50.269,29019.620602274,29038.628515268,29039.5000529723,-41.1216326781578,-49.0487838194853,45.0832830733166
2023-08-07 06:00:42.871,29031.5865695151,29049.2627494295,29039.0241010739,-39.6129324329922,-47.1616135421867,45.9266487353975
2023-08-07 10:00:43.825,28803.7734303221,29001.1219433974,29014.7213984038,-56.1526008097862,-48.9598109957066,34.9287438726718
2023-08-07 14:00:31.562,29070.2256949228,29006.3262072665,29018.940883043,-47.215663463794,-48.6109814893241,50.0077633025776
2023-08-07 18:00:09.895,29178.1477518731,29020.6708097814,29030.8694977735,-31.0665522996605,-45.1020956513914,54.5970334399462
2023-08-07 22:00:34.63,29157.5072909903,29048.2481475247,29043.4383313963,-19.7066124859339,-40.0229990182999,53.5838940848758
2023-08-08 02:01:16.575,29156.6352518461,29073.2578839909,29061.2603167101,-10.6513623358514,-34.1486716818102,53.5386908869097
2023-08-08 06:01:11.559,29321.575202905,29176.8182385075,29088.9700909524,9.72219285009487,-25.3744987754292,60.3516337950807
2023-08-08 10:00:53.259,29513.1680984993,29265.4067192228,29135.8664632446,40.8573494921875,-12.1281291219059,66.4972087690262
2023-08-08 14:00:20.445,29842.8071494232,29398.3385987328,29209.5047042571,91.0813725818625,8.51377121884782,73.9723061181466
2023-08-08 18:00:16.88,29779.5616712509,29522.7494747849,29285.4988111548,124.347490731459,31.6805151213701,70.7123866888221
2023-08-08 22:00:55.437,29702.9116984257,29632.0047641008,29352.6313240458,142.879095543729,53.9202312058419,66.8663574470806
2023-08-09 02:00:16.376,29777.1143435574,29723.1125922313,29449.9654153694,161.689206668761,75.4740262984258,68.6443307128652
2023-08-09 06:00:42.623,29861.2194494818,29792.7228624278,29529.0647908253,181.29310039695,96.6378411181306,70.5718830358277
2023-08-09 10:00:13.044,29751.8957537884,29774.5405833009,29586.4395910168,185.865279582842,114.483328811073,64.9801380615189
2023-08-09 14:00:23.602,29482.861361989,29715.2005214485,29618.9749981167,165.8679154444,124.760246137738,53.7031399119121
2023-08-09 18:00:50.161,29585.4880773792,29691.7157972392,29661.86028067,156.4969787808,131.107592666351,56.7841508610335
2023-08-09 22:00:05.522,29561.663967816,29648.6257220909,29685.8691571611,145.471136714179,133.980301475916,55.854876970095
2023-08-10 02:00:03.053,29482.742890913,29572.9304103771,29682.8266364024,128.87916728836,132.960074638405,52.7738440594547
2023-08-10 05:33:55.67,29509.0627715782,29524.3638139351,29649.4521986179,116.510644203958,129.670188551516,53.691275570675
2023-08-10 09:00:21.523,29466.0865953818,29521.0088606137,29618.104691031,102.064150305014,124.148980902215,51.9177578840123
2023-08-10 13:01:01.121,29401.6994702706,29484.2511391919,29587.9834682155,84.4462530784003,116.208435337452,49.2907971004501
2023-08-10 17:00:03.312,29445.981092072,29461.1145640431,29554.870143067,73.2131438499309,107.609377039948,51.1225031697926
2023-08-10 21:00:58.769,29346.4686058728,29433.8597070351,29503.3950587061,55.6396189872357,97.2154254294056,47.0126833484834
2023-08-11 01:00:09.474,29401.4024322716,29412.3276391738,29468.3457265544,45.6193036766235,86.8962010788492,49.4295593381995
2023-08-11 05:00:26.267,29355.7259037119,29390.2555008398,29455.6321807267,33.6050395034144,76.2379687637622,47.4899164925321
2023-08-11 09:00:07.837,29462.8087791374,29402.4773626132,29443.3642509025,32.3514147349488,67.4606579579996,52.2232117832423
2023-08-11 13:00:24.687,29339.5396404707,29381.1890722929,29421.151818168,21.1671174331459,58.2019498530288,46.973963482717
2023-08-11 17:00:57.836,29417.4724215463,29395.3898354276,29414.6247712313,18.3801306593159,50.2375860142863,50.370409576081
2023-08-11 21:01:21.731,29382.0137526326,29391.5120994998,29401.9198693368,13.1585220695051,42.82177322533,48.8376389920288
2023-08-12 01:01:05.012,29387.898533027,29397.9466253628,29394.1010631013,9.38700469220203,36.1348195187044,49.1143899772517
2023-08-12 05:00:58.708,29405.3825609042,29386.4613817162,29394.4693721646,7.71987501424519,30.4518306178126,49.9801095707301
2023-08-12 09:01:06.845,29434.6808407716,29405.4896217764,29393.3393470346,8.66292821877505,26.0940501380051,51.470078349114
2023-08-12 13:00:56.47,29408.7014869487,29403.7354348568,29399.5626351422,7.23063765275583,22.3213676409552,50.0465074161783
2023-08-12 17:01:09.877,29409.3212563497,29409.1969356003,29400.35451755,6.07551254439022,19.0721966216422,50.0819779822987
2023-08-12 21:00:04.735,29429.8093561819,29417.5791002312,29407.762862797,6.73564171910039,16.6048856411339,51.3127392961803
2023-08-13 01:00:10.536,29374.0278941519,29411.3081668808,29398.8847742985,2.72627425280007,13.8291633634671,47.853333122239
2023-08-13 05:00:12.257,29391.5774426505,29402.6874872565,29404.0885545164,0.95392726623686,11.2541161440211,49.0178747832699
2023-08-13 09:00:52.118,29354.0048969336,29391.7481692535,29397.7418020552,-3.44277475781928,8.31473796365299,46.6175643559661
2023-08-13 13:00:51.644,29397.1169639387,29389.3073107713,29399.2521231858,-3.40911117217911,5.96996813648657,49.6634215193929
2023-08-13 17:00:18.176,29289.3739116872,29361.2202218724,29389.3996610518,-11.9387736573663,2.388219777716,43.0522013165796
2023-08-13 21:01:03.059,29279.114467147,29342.2375364714,29376.7728516761,-19.3039204833585,-1.9502082744989,42.4724107361533
2023-08-14 01:00:36.468,29390.2267363932,29341.9673952199,29372.3274412382,-15.9906901594914,-4.75830465149739,50.2817529333973
2023-08-14 05:00:31.927,29390.3651130809,29349.2394384494,29370.4938038514,-13.2015857521983,-6.44696087163757,50.2908031843461
2023-08-14 09:00:32.955,29506.8959393288,29371.1952335274,29380.2512721493,-1.57003820246973,-5.471576337804,57.3342713859562
2023-08-14 13:00:12.956,29295.8359484945,29372.4876408889,29366.8539313806,-9.27580462519472,-6.23242199528215,44.9195946975612
2023-08-14 17:00:04.05,29424.7602571596,29401.6167988914,29371.9271676814,-4.92281859990908,-5.97050131620754,51.7870854298179
2023-08-14 21:00:33.523,29344.4369223679,29392.4588360863,29367.2131156531,-7.86381843698473,-6.34916474036297,47.789268179099
2023-08-15 01:00:35.434,29341.6661259326,29382.7190386567,29365.979238553,-10.2994366182902,-7.13921911594842,47.6526099674831
2023-08-15 05:00:46.941,29364.8935383573,29354.3185584624,29362.7568959949,-10.2374129872187,-7.75885789020248,48.9699924375635
2023-08-15 09:00:32.895,29392.9926781709,29373.7499043977,29373.1187726433,-7.83062647646148,-7.77321160745428,50.5899694308599
2023-08-15 13:00:08.043,29308.9650023673,29350.5908534392,29376.1038261653,-12.5587920779908,-8.73032770156158,45.8976489797296
2023-08-15 17:00:53.859,29156.079385583,29312.9193460822,29352.6890910843,-28.3160788075329,-12.6474779227558,38.8390183944459
2023-08-15 21:00:56.174,29198.3813733196,29284.2623955596,29333.4907171081,-36.9643234763935,-17.5108470334834,41.5189517297296
2023-08-16 01:00:14.778,29137.5221806206,29238.7881240123,29296.5533412373,-48.1736322672841,-23.6434040802435,38.8794625149836
2023-08-16 05:00:43.476,29162.8070455289,29192.7509974839,29283.2504509408,-54.3898407316556,-29.7926914105259,40.5698999706295
2023-08-16 09:00:05.863,29107.1405118665,29152.3860993837,29251.4884764114,-63.0808974476749,-36.4503326179557,38.0732906852434
2023-08-16 13:00:57.482,29141.530136691,29149.4762496053,29231.1977978438,-66.4279273964676,-42.4458515736581,40.5089482728369
2023-08-16 17:00:52.889,28898.886143144,29089.5772035702,29186.9197995649,-87.6494468997444,-51.4865706388754,31.1881247675984
2023-08-16 21:00:57.244,28558.5868648144,28973.790140409,29106.2891322106,-130.423520600682,-67.2739606312366,23.1448369643096
2023-08-17 01:00:27.813,28648.977466531,28871.0242246094,29031.8876110466,-155.239017288124,-84.8669719626141,28.425060042817
2023-08-17 05:00:40.921,28506.606061976,28750.9173346313,28951.6517170075,-184.269515428958,-104.747480655883,25.4582365105086
2023-08-17 09:00:52.04,28321.6579230211,28586.9428918973,28868.2095707513,-219.667967901187,-127.731578104944,22.2145444655554
2023-08-17 13:00:15.971,27849.658283835,28377.0973200355,28733.3372618028,-282.550852389697,-158.695432961894,16.4530602991687
2023-08-17 17:00:39.491,26519.4821276177,27969.2763725962,28471.5332565025,-434.709035292453,-213.898153428006,9.20638998196894
2023-08-17 21:00:54.087,26568.6703034047,27553.2149399709,28212.1195822901,-545.043494651578,-280.12722167272,10.7714531671545
2023-08-18 01:00:15.952,26497.2644418531,27151.3466159463,27951.1319752888,-630.972743849852,-350.296326108147,10.4887959628823
2023-08-18 05:00:27.73,26434.4373808056,26773.9025075032,27680.4226997002,-696.117502435205,-419.460561373559,10.234322543221
2023-08-18 09:00:07.142,26145.131634532,26432.9971776426,27405.047248839,-762.302401286743,-488.028929356195,9.13523674949404
2023-08-18 13:00:24.896,26200.1242809802,26369.1256083151,27169.2009904556,-801.0825821371,-550.639659912376,11.0898290482392
2023-08-18 17:00:42.008,26065.7193103467,26268.5354097035,26910.8751748372,-833.05853251613,-607.123434433127,10.4955877361697
2023-08-18 21:01:01.737,26016.6100193494,26172.4045252028,26661.8755705745,-852.534921040613,-656.205731754624,10.2788592849608
2023-08-19 01:01:01.511,25847.2958548076,26054.9762200032,26414.4393637532,-871.585245163806,-699.281634436461,9.54690168350355
2023-08-19 05:00:55.016,25908.6120656169,26007.6723062202,26220.3347419314,-871.686795735211,-733.762666696211,11.9910882649359
2023-08-19 09:00:05.327,25991.1677270762,25965.8809954394,26167.5033018772,-855.246968679188,-758.059527092806,15.3092909693981
2023-08-19 13:00:54.244,26117.0681674454,25976.1507668591,26122.3430882813,-822.57701812232,-770.963025298709,20.2476731418745
2023-08-19 17:00:59.861,26048.8787658369,25982.6045161566,26077.5045206797,-793.046416325767,-775.379703504121,19.581674908562
2023-08-19 21:00:53.715,26085.3009294565,26030.2055310864,26042.5908755448,-757.966867206949,-771.897136244687,21.074972088485
2023-08-20 01:00:56.75,26061.3140364663,26060.7459252563,26034.2091157382,-723.758575261712,-762.269424048092,20.8010236251981
2023-08-20 05:00:51.864,26142.2967424319,26090.9717283274,26028.4263618834,-682.249087076467,-746.265356653767,24.3751456963474
2023-08-20 09:00:47.811,26102.2037652313,26087.9988478846,26032.0748073718,-645.150790103155,-726.042443343644,23.8024393621256
2023-08-20 13:00:01.555,26137.0965692047,26105.6424085581,26044.1234623573,-605.949555518171,-702.02386577855,25.4442318429876
2023-08-20 17:00:54.211,26219.8521568602,26132.5526540389,26081.3790925626,-561.72934415835,-673.96496145451,29.3332371110789
2023-08-20 21:00:45.016,26091.9295537211,26138.6757574898,26099.710841373,-530.887057512507,-645.349380666109,26.9896098864801
2023-08-21 01:00:55.347,26065.3853766608,26123.2934843356,26107.1326063315,-502.790362071009,-616.837576947089,26.5161901848805
2023-08-21 05:00:47.017,25950.4829548286,26092.9493222551,26090.4740850698,-484.213482061336,-590.312757969939,24.5118543642796
2023-08-21 09:01:05.518,26112.9017502136,26088.1103584569,26096.8763835075,-451.184358979612,-562.487078171873,32.3017009661315
2023-08-21 13:00:48.93,26050.4258870407,26054.225104493,26093.3888792659,-425.148968339865,-535.019456205472,30.9774904173735
2023-08-21 17:00:01.975,26139.9018491379,26063.8195635763,26101.2476605331,-392.768184185985,-506.569201801574,35.0821271464962
2023-08-21 21:00:50.524,26043.8708258886,26059.5166534219,26091.4050688787,-370.583227695726,-479.372006980405,32.8258627344475
2023-08-22 01:01:01.141,26043.3077119716,26078.0816048505,26085.5154635528,-349.023601610461,-453.302325906416,32.8125363215731
2023-08-22 05:00:06.223,26031.5690701794,26061.8150688436,26074.9627136502,-329.091095599902,-428.460079845113,32.5161876335061
2023-08-22 09:00:56.218,26002.2834214978,26052.1865757351,26053.205840114,-312.060311063662,-405.180126088823,31.7458660469231
2023-08-22 13:00:57.056,25889.7658915295,26002.1593842134,26032.9894738948,-304.136618321187,-384.971424535296,28.9118734793706
2023-08-22 17:01:04.111,25798.3813808554,25953.0614952067,26006.2890743143,-301.752585048846,-368.327656638006,26.8178901522522
2023-08-22 21:01:01.663,26035.3039059047,25951.4607339934,26014.7711694219,-277.546174246942,-350.171360159793,39.127317992722
2023-08-23 01:00:53.421,26076.3882027455,25960.4245605066,26011.1198146751,-252.140738409184,-330.565235809671,40.9811810257611
2023-08-23 05:00:16.688,25998.0404375574,25959.5759637185,26005.8812697268,-235.612760107884,-311.574740669314,38.5689000126104
2023-08-23 09:00:09.7,26123.9864638743,26006.4200781875,26004.2897312004,-209.931467201444,-291.24608597574,44.2499810931018
2023-08-23 13:00:04.558,26443.729211039,26135.4896442242,26044.2755697154,-161.911870794924,-265.379242939577,55.5010415272944
2023-08-23 17:00:44.03,26442.2648483321,26216.8818327097,26084.1712833515,-122.561345612077,-236.815663474077,55.4458528293692
2023-08-23 21:01:01.958,26378.1406296799,26277.2323180966,26118.8284393016,-95.4497738586033,-208.542485550982,52.9622969484082
2023-08-24 01:00:55.905,26448.036888786,26367.2316083423,26163.4037860304,-67.5449972699753,-180.342987894781,55.3119965844135
2023-08-24 05:00:44.81,26456.2638617257,26433.6870879126,26220.05358305,-44.2562542692176,-153.125641169668,55.5931780925155
2023-08-24 09:01:03.286,26155.5190663435,26376.0450589735,26255.7673515988,-49.4967811308015,-132.399869161895,44.5562712195799
2023-08-24 13:00:50.029,26002.6913846533,26288.1303662377,26252.5060994736,-65.2299231528486,-118.965879960086,40.1898026544229
2023-08-24 17:01:06.205,26099.954007588,26232.4930418193,26254.8626799579,-69.0542562619121,-108.983555220451,43.954181714351
2023-08-24 21:00:10.582,26130.6672468336,26169.0191134288,26268.1253608855,-68.8135265783385,-100.949549492028,45.1286150350585
2023-08-25 01:00:25.31,26007.7626877466,26079.318878633,26256.5029832728,-77.6450732596459,-96.2886542455519,41.3908140691019
2023-08-25 05:00:25.66,26102.8315411829,26068.7813736009,26222.4132162871,-76.0956919152195,-92.2500617794854,45.1735761912991
2023-08-25 09:00:51.11,25836.0214329953,26035.4473832693,26161.7888747535,-95.2985990145717,-92.8597692265027,37.7999193568477
2023-08-25 13:01:03.155,26016.2034319581,26018.6972681433,26125.5951549813,-94.8840949841033,-93.2646343780228,44.4002418595348
2023-08-25 17:00:14.76,26037.45196492,26000.0542117606,26084.5366625947,-91.7830012198647,-92.9683077463912,45.1395673339529
2023-08-25 21:01:02.268,26066.9489751387,26011.891469239,26045.605173936,-85.954371373231,-91.5655204717591,46.2088857341555
2023-08-26 01:00:38.641,26061.0301366156,26003.5311883256,26036.1562809632,-80.880402100669,-89.4284967975411,46.0150690914208
2023-08-26 05:01:38.907,26022.4334892685,26040.8135995802,26038.1304914247,-79.0622908965706,-87.355255617347,44.6984627838479
2023-08-26 09:00:29.116,26050.7207612283,26047.7170654342,26033.2071667887,-74.4803155131267,-84.780267596503,45.919757974462
2023-08-26 13:01:06.723,26002.510400887,26040.7287526276,26020.3914821941,-73.887510946337,-82.6017162664698,44.1309619043923
2023-08-26 17:00:55.644,26015.1298770637,26030.3649330126,26021.1282011258,-71.5743581469142,-80.3962446425587,44.7378030532414
2023-08-26 21:00:47.052,25995.6360341562,26017.2861125207,26010.4086504231,-70.5014611354636,-78.4172879411396,43.9437639358043
2023-08-27 01:00:27.028,26026.9544286556,26018.1903003982,26029.5019499891,-66.3591033899429,-76.0056510309003,45.6138627616759
2023-08-27 05:00:39.883,26078.4422671673,26023.734601586,26035.7258335101,-58.2501453503355,-72.4545498947873,48.3388958183649
2023-08-27 09:00:58.565,26133.5156673269,26049.9356548739,26045.3322037507,-46.8398341059947,-67.3316067370288,51.1579250520629
2023-08-27 13:01:04.621,26078.7295378083,26062.6555870228,26046.5102600177,-41.7367477752377,-62.2126349446706,48.3324706417071
2023-08-27 17:00:49.531,26075.0234923468,26078.533078661,26047.9095955908,-37.5586097150117,-57.2818298987388,48.1387859387141
2023-08-27 21:00:55.882,26009.9567910769,26075.1335511452,26046.6619257717,-39.0476274646862,-53.6349894119283,44.7482735110678
2023-08-28 01:01:03.684,25928.0491656233,26045.0549308364,26034.3947662112,-46.3031912367769,-52.168629776898,40.848031390788
2023-08-28 05:00:55.777,25923.2171765516,26002.9952326814,26026.4654437776,-51.8455358703541,-52.1040109955892,40.6230873450601
2023-08-28 09:00:07.129,26138.8377275328,26015.0168706263,26038.8362288245,-38.3964965634477,-49.3625081091609,53.0482944202511
2023-08-28 13:01:02.694,26104.7187521383,26020.9559225846,26049.7445006227,-30.1436746699837,-45.5187414213255,51.2217471199601
2023-08-28 17:00:49.803,26023.0618107155,26023.5769265123,26049.3552388287,-29.8482149561896,-42.3846361282983,47.0466196995772
2023-08-28 21:00:59.998,26079.9239726746,26053.9518879226,26049.5034093795,-24.7405659078213,-38.8558220842029,50.0970195680397
2023-08-29 01:00:07.067,25992.5623111514,26067.8209148425,26035.4080737619,-27.4259242289554,-36.5698425131534,45.737691751478
2023-08-29 05:00:49.303,25960.8142596574,26032.2162212675,26023.6165459468,-31.7498993948502,-35.6058538894928,44.231366117194
2023-08-29 09:00:12.014,27315.2064017135,26274.3137511825,26147.6348368835,73.2668709884238,-13.8313089139095,77.8084905459498
2023-08-29 13:00:47.17,27974.4187445299,26664.5851379454,26344.0810322288,207.296756943713,30.3943042576151,83.1318569335637
2023-08-29 17:00:52.79,27642.9839156344,26977.1971265373,26515.5745072299,283.504325037324,81.0163084135568,73.5755414515012
2023-08-29 21:01:30.82,27434.2617491476,27265.5370141366,26666.6789644895,323.330089322117,129.479064595269,68.254354995572
2023-08-30 01:00:47.954,27381.0468861224,27549.5835394296,26790.8998803485,346.602877516765,172.903827179568,66.9253856885844
2023-08-30 05:00:21.863,27437.9773368883,27574.1377264645,26924.2257388235,365.428113599119,211.408684463478,67.6510587679494
2023-08-30 09:00:04.184,27171.3145706156,27413.5168916817,27039.0510148135,354.740563777515,240.075060326286,60.9098721153919
2023-08-30 13:00:50.434,27202.6283410135,27325.4457767575,27151.3214516474,344.822464390301,261.024541139089,61.3963330619702
2023-08-30 17:00:51.963,27250.8404536715,27288.7615176623,27277.1492658994,336.968253465453,276.213283604362,62.1767826239547
2023-08-30 21:00:36.565,27189.4087115649,27250.4338827508,27400.0087110902,322.074037519076,285.385434387305,60.4984355434275
2023-08-31 01:00:49.536,27258.7076390329,27214.5799431797,27394.3588348221,312.262540179403,290.760855545724,61.7526540401956
2023-08-31 05:00:44.792,27204.312061052,27221.179441267,27317.3481664743,296.677673761762,291.944219188932,60.1385424022351
2023-08-31 09:00:44.997,27161.6810857935,27212.989990223,27269.2178834902,277.685604624614,289.092496276068,58.8404655746544
2023-08-31 13:00:41.695,26305.3559487489,27023.8930892384,27156.3273034503,191.330432919589,269.540083604772,40.1114788550204
2023-08-31 17:00:40.576,26011.4047360161,26788.2922941287,27019.3630884397,98.0437437256405,235.240815628946,35.8885362945847
2023-08-31 21:00:59.003,26067.5767592172,26550.0661181655,26882.3230306726,28.3195333164949,193.856559166456,37.2481101468523
2023-09-01 01:00:05.195,25977.5260561223,26304.7089171796,26762.9441792233,-33.8139586562538,148.322455601914,35.9325612034306
2023-09-01 05:00:53.192,25984.9464261762,26069.3619852561,26641.1759877395,-81.5167623496272,102.354612011606,36.1327336211576
2023-09-01 09:00:58.305,25794.6717703135,25967.2251495691,26495.5591194037,-133.140392920664,55.2556110251517,33.2628371758055
2023-09-01 13:01:03.156,25664.7915120135,25897.9025047685,26343.0973994486,-182.429806219105,7.7185275763004,31.4278742435828
2023-09-01 17:01:06.398,25789.7898431188,25842.3451215489,26196.2056198572,-208.996518929209,-35.6244817248014,35.1365091205709
2023-09-01 21:01:06.966,25769.3858514335,25800.7170806111,26052.7129988953,-229.056837125074,-74.3109528048559,34.8055981438085
2023-09-02 01:01:00.948,25798.3976064265,25763.4073166612,25916.3846509586,-239.848948280513,-107.418551899987,35.7324027262266
2023-09-02 05:01:01.97,25824.6440832324,25769.401779245,25868.313464407,-243.477248633961,-134.630291246782,36.6103689085542
2023-09-02 09:01:27.711,25862.0288139686,25808.849239636,25853.3758722022,-240.56300687341,-155.816834372108,37.9114523558652
2023-09-02 13:00:42.294,25791.9360560224,25809.2784822167,25825.8118018828,-241.129755337366,-172.879418565159,36.4028129530284
2023-09-02 17:01:33.194,25859.3642863871,25827.2741692074,25813.9956249092,-233.44698142292,-184.992931136711,38.9208454906097
2023-09-02 21:00:55.34,25861.1710912178,25839.8288661657,25801.6180914134,-224.623217071276,-192.918988323624,38.9905522172854
2023-09-03 01:00:15.495,25909.3037121174,25856.7607919427,25813.0812855938,-211.310563367075,-196.597303332314,40.9247470265099
2023-09-03 05:01:05.847,25931.4763345208,25870.6502960531,25839.7497678445,-196.703567784687,-196.618556222789,41.8394785481269
2023-09-03 09:00:56.166,25927.6131064122,25897.7857061311,25853.5320941739,-183.325882117289,-193.960021401689,41.7182702585217
2023-09-03 13:00:54.694,25928.3252797405,25911.5779048018,25869.4260370045,-170.698793968593,-189.30777591507,41.7517705683912
2023-09-03 17:00:45.508,25948.1979644708,25928.9832794523,25884.406072809,-157.27520539533,-182.901261811122,42.7408178494295
2023-09-03 21:01:13.263,25988.868344718,25944.8962059725,25900.8284989575,-141.721477970401,-174.665305042978,44.8063401624704
2023-09-04 01:00:49.866,25965.2332433542,25951.6475877392,25911.1489418961,-129.805870803582,-165.693418195099,43.8171210261666
2023-09-04 05:00:55.694,25895.4513273603,25945.2152319288,25921.5004690299,-124.557660529339,-157.466266661947,40.9430139084542
2023-09-04 09:00:48.954,25856.5710924654,25930.8643944738,25921.2211496377,-122.12791155362,-150.398595640281,39.3926110760038
2023-09-04 13:00:39.635,25920.6058573818,25925.345973056,25927.1646262541,-113.724304624287,-143.063737437083,43.2070510652051
2023-09-04 17:00:23.076,25749.1067351361,25877.3936511396,25911.144928556,-119.525120290429,-138.356014007752,36.5688903829472
2023-09-04 21:00:50.852,25684.8429937894,25821.3156012266,25886.4815944829,-127.83426155748,-136.251663517698,34.4340286219561
2023-09-05 01:01:04.682,25700.1828236091,25782.2619004764,25863.7385662025,-131.663781692121,-135.334087152582,35.4034366413502
2023-09-05 05:00:37.129,25741.4019751308,25759.2280770094,25845.0462357416,-129.875538580014,-134.242377438069,38.0538032155878
2023-09-05 09:01:03.141,25679.9144806202,25711.0898016571,25818.2178873565,-131.899415606073,-133.773785071669,35.7006760126852
2023-09-05 13:00:23.07,25726.9877618637,25706.6660070026,25792.0298290711,-128.226813454854,-132.664390748306,38.8197859817571
2023-09-05 17:00:07.133,25753.9592985011,25720.489267945,25770.9024345858,-121.736568807417,-130.478826360128,40.5978299333548
2023-09-05 21:00:55.513,25835.9426685639,25747.6412369359,25764.9515687061,-108.724324035236,-126.12792589515,45.7580861414988
2023-09-06 01:00:36.159,25763.5066618578,25752.0621742814,25755.6451256454,-103.06889263718,-121.516119243556,42.2645991871877
2023-09-06 05:01:05.048,25711.6090003634,25758.40107823,25734.7454399435,-101.603409209343,-117.533577236714,39.9134074239103
2023-09-06 09:01:01.622,25576.5642685413,25728.3163795655,25717.491193284,-110.07016394303,-116.040894577977,34.5303735297054
2023-09-06 13:00:20.854,25657.975653508,25709.1196505669,25714.8044592559,-108.954944902936,-114.623704642969,39.8013071821546
2023-09-06 17:00:22.274,25725.087827735,25686.9486824011,25717.2949596685,-101.485868281874,-111.99613737075,43.8169393969578
2023-09-06 21:00:10.946,25747.1028501943,25683.6679200684,25717.8650471748,-92.7213093850623,-108.141171773612,45.110418147559
2023-09-07 01:00:50.167,25762.6956419148,25693.8852483787,25726.1431633043,-83.5539672131599,-103.223730861522,46.0576862289858
2023-09-07 05:00:04.682,25714.6943564198,25721.5112659544,25724.9138227599,-79.2485570357603,-98.4286960963695,43.5651804585019
2023-09-07 09:00:54.239,25726.2676288742,25735.1696610276,25722.1446557972,-74.0490309512825,-93.5527630673521,44.3471848391057
2023-09-07 13:00:52.773,25880.3824863994,25766.2285927605,25726.5886375808,-56.8374018694049,-86.2096908277627,53.5730165288273
2023-09-07 17:00:37.765,26387.7479173987,25894.3576062014,25789.0127631349,-2.23119197488268,-69.4139910571867,70.7589319189497
2023-09-07 21:00:46.787,26216.3490958848,25985.0882969954,25839.486772687,26.9040373313983,-50.1503853794697,62.3607517800382
2023-09-08 01:00:30.831,26213.0768887712,26084.7648034657,25903.13803471,49.1631544559532,-30.2876774123851,62.2089508506476
2023-09-08 05:01:20.33,25837.6048380322,26107.0322452973,25921.1009531624,36.0901834324177,-17.0121052434246,47.8234368092135
2023-09-08 09:00:05.197,25877.8261721008,26106.5209824376,25936.374787599,28.6450825455686,-7.88066768562593,49.179180864897
2023-09-08 13:01:05.513,25796.9471020931,25988.3608193764,25941.3592127889,16.0336949835182,-3.0977951517971,46.5593485440834
2023-09-08 17:00:09.931,25905.6378559369,25926.2185713869,25955.6534341911,14.6407455479894,0.449912988160187,50.3845169845701
2023-09-08 21:00:10.066,25878.954649779,25859.3941235884,25972.079463527,11.2539824443229,2.61072687939273,49.4487573725045
2023-09-09 01:01:56.309,25868.0509640804,25865.4833487981,25986.2577970476,7.60247537069154,3.60907657765249,49.0478837622547
2023-09-09 05:00:06.615,25850.7186496495,25860.0618443078,25983.2914133726,3.27233533993058,3.54172833010811,48.3765249843396
2023-09-09 09:00:04.957,25846.0514196063,25869.8827078104,25929.1217635934,-0.529830731371476,2.72741651781219,48.1852597952232
2023-09-09 13:01:10.426,25853.8217631504,25859.5194892531,25892.86903032,-2.88284135088179,1.6053649440734,48.5499739017083
2023-09-09 17:01:10.68,25900.1019057037,25863.7489404381,25861.5715320132,-1.00165207302052,1.08396154065461,50.7724965668076
2023-09-09 21:00:48.468,25847.7669068952,25859.692129001,25862.5877388995,-3.6912426910676,0.12892069431017,48.2350020389163
2023-09-10 01:01:14.243,25855.0189689017,25860.5521928515,25860.3070185796,-5.17789429510594,-0.932442303573053,48.6182146208352
2023-09-10 05:01:01.201,25802.2270466085,25851.7873182519,25860.8350130311,-10.4949639194274,-2.84494662674392,45.9513992496601
2023-09-10 09:01:28.575,25768.4032947088,25834.7036245636,25847.1115569083,-17.2393495154465,-5.72382720448444,44.2756914808527
2023-09-10 13:01:09.89,25719.9859208176,25798.6804275864,25831.2146840122,-26.1893070932165,-9.81692318223085,41.9191445798966
2023-09-10 17:00:58.13,25857.2577289958,25800.5785920065,25830.1353605037,-21.9524708439967,-12.244032714584,50.0383304773301
2023-09-10 21:01:31.166,25727.4775140651,25775.0703010392,25817.8112469453,-28.7356792945648,-15.5423620305802,43.8038083665445
2023-09-11 01:00:09.754,25830.5862874863,25780.7421492147,25816.2647337333,-25.4974854225838,-17.5333867089809,49.2174181737441
2023-09-11 05:00:37.101,25689.8395622823,25765.0294027294,25799.8665136465,-33.8975282978718,-20.8062150267591,43.1121208944066
2023-09-11 09:00:45.412,25135.3184217035,25648.0959029066,25723.3881652465,-84.3277665135975,-33.5105253241268,28.2457359320207
2023-09-11 13:00:43.23,25164.7540343283,25509.5951639731,25655.0868779898,-120.529496683896,-50.9143195960805,29.6328607307834
2023-09-11 17:01:54.943,25140.1388988994,25392.12744094,25583.5988709895,-149.48272062152,-70.6279998011683,29.1258005273702
2023-09-11 21:00:15.337,25195.6487662461,25265.1399366919,25522.9410429533,-166.035226076379,-89.7094450562105,31.9535695826107
2023-09-12 01:00:56.337,25750.8904123937,25277.3501067142,25521.1897547218,-132.818793038336,-98.3313146526355,52.4079625637004
2023-09-12 05:00:12.777,26124.2506413701,25475.1365506475,25561.616226777,-75.4971956908848,-93.7644908602854,60.9157034101978
2023-09-12 09:00:32.034,26108.9866724295,25663.9830782678,25586.7891211204,-30.9443839445157,-81.2004694771315,60.4400084241246
2023-09-12 13:00:23.687,25957.0128941098,25827.3578773098,25609.7426591249,-7.80895667078585,-66.5221669158623,55.7703158991522
2023-09-12 17:00:29.043,25979.2153846245,25984.0712009855,25624.6055688387,12.1772201422282,-50.7822895042442,56.3015035612828
2023-09-12 21:01:23.085,25920.9132435895,26018.0757672247,25647.7129369694,23.0462508944511,-36.0165814245052,54.4521635095591
2023-09-13 01:00:18.238,25950.6388958684,25983.3534181243,25729.2449843859,33.6705150457237,-22.0791621304594,55.2590885313661
2023-09-13 05:00:11.82,26105.7610782485,25982.7082992881,25823.3456887779,53.985078259564,-6.86631405245472,59.3102338313882
2023-09-13 09:01:44.732,26188.3962607352,26028.9849726132,25928.1714249615,75.8778123917436,9.68251123638496,61.3195148125452
2023-09-13 13:01:17.462,26133.3305883823,26059.8080133648,26021.9396071751,87.7728317960209,25.3005753483122,59.2209075235332
2023-09-13 17:00:50.908,26234.189827967,26122.4633302403,26070.2695487324,104.137782557737,41.068016790197,61.799712641852
2023-09-13 21:00:38.25,26249.2651188284,26182.1885748323,26082.7709964783,116.975157125718,56.2494448573013,62.18464449333
2023-09-14 01:02:27.752,26289.032017714,26218.8427627254,26100.7755310067,128.872167229671,70.7739893317752,63.2370150608303
2023-09-14 05:00:08.12,26298.8571890959,26240.9349483975,26134.9599605053,137.508332210757,84.1208579075715,63.5072306625263
2023-09-14 09:00:25.869,26751.7966456729,26364.6281598556,26212.2180866102,178.839434276608,103.064573181379,73.2635844508449
2023-09-14 13:00:47.119,26601.0436630528,26437.9989268728,26280.2311285565,197.157416663042,121.883141877711,66.8568453208292
2023-09-14 17:00:26.804,26615.5321234282,26511.2523277928,26346.7204513125,210.418078714694,139.590129245108,67.1541287293115
2023-09-14 21:01:18.614,26599.7941627008,26573.4047567901,26396.1237597577,217.154109623465,155.102925320779,66.4568165274375
2023-09-15 01:00:34.709,26575.9989482357,26628.8331086181,26434.8840285078,218.058742262761,167.694088709176,65.3518771224048
2023-09-15 05:00:52.18,26629.7143610924,26604.416651702,26484.5224057788,220.567490316163,178.268769030573,66.6979360026763
2023-09-15 09:00:09.818,26251.6156852011,26534.5310561317,26486.2649915022,189.857726294693,180.586560483397,51.5243618895403
2023-09-15 13:00:44.403,26356.7278271187,26482.7701968697,26497.0112623312,172.018763225213,178.87300103176,54.6154803695276
2023-09-15 17:00:57.488,26792.6088246204,26521.3331292537,26547.3689430219,190.85317357575,181.269035540558,64.6749419188123
2023-09-15 21:01:07.018,26704.2538824285,26546.9841160922,26587.9086123551,196.386255543617,184.29247954117,61.6900427998473
2023-09-16 01:00:57.005,26471.0937198106,26515.2599878359,26559.8383197689,179.883600175206,183.410703667977,54.5369677186253
2023-09-16 05:00:49.97,26528.2287749695,26570.5826057896,26552.5568309606,169.461995951377,180.620962124657,55.8867983402048
2023-09-16 09:01:07.404,26514.8461469332,26602.2062697525,26542.4882333111,158.298170508711,176.156403801468,55.4713537752109
2023-09-16 13:01:20.239,26571.0349617647,26557.8914971813,26539.6123132175,152.229914487383,171.371105938651,56.9193881192891
2023-09-16 17:01:04.28,26566.0338444415,26530.2474895839,26538.615802838,145.341819476369,166.165248646195,56.7425198835507
2023-09-16 21:00:23.616,26524.6531278462,26540.959371191,26528.1096795134,134.987820984628,159.929763113881,55.2137143959312
2023-09-17 01:01:26.167,26549.9364741363,26545.3009110244,26557.941758407,127.354296275094,153.414669746124,55.9938643315092
2023-09-17 05:01:17.497,26605.3674723391,26563.4051761056,26582.805722929,124.344129521414,147.600561701182,57.732245611907
2023-09-17 09:01:15.743,26572.6093479233,26563.7200533373,26560.8057752593,117.955525934547,141.671554547855,56.3163942722234
2023-09-17 13:01:00.752,26501.9040232735,26550.8940891037,26540.5707893438,105.96567641796,134.530378921876,53.2791860758565
2023-09-17 17:00:55.674,26468.6178015915,26539.6870238528,26540.3231975219,92.7090224868261,126.166107634866,51.8611765400403
2023-09-17 21:01:09.155,26676.0320529437,26564.9061396142,26555.1035253193,97.8121082898288,120.495307765859,59.1559120193988
2023-09-18 01:00:49.169,26660.4285083641,26575.9183468192,26569.6617614624,99.4508573338098,116.286417679449,58.4384774078505
2023-09-18 05:00:29.89,27128.8678176933,26687.1700407732,26625.4450470552,136.969812373627,120.423096618285,70.1447693425729
2023-09-18 09:00:50.228,27265.7841430301,26839.9460647246,26695.4200769141,175.726195552787,131.483716405185,72.576098341518
2023-09-18 13:00:50.349,26719.5795253574,26890.1384094777,26714.9127166652,160.516427168801,137.290258557908,53.7652049887675
2023-09-18 17:00:53.71,26867.0605755984,26928.3441140087,26746.6251268114,158.53556503911,141.539319854149,57.0055672480931
2023-09-18 21:00:08.017,26779.1885428471,26952.0961209053,26764.0072338622,148.167199617867,142.864895806892,54.552343415975
2023-09-19 01:00:15.064,26828.9345673857,26892.1094708438,26789.6397558085,142.32366513857,142.756649673228,55.7142632562967
2023-09-19 05:01:22.809,27183.9946030478,26875.7515628473,26857.8488137859,164.447352763011,147.094790291184,62.9876884715683
2023-09-19 09:01:08.46,27143.2123888222,26960.4781355403,26925.308272509,176.653400305317,153.006512294011,61.733537099778
2023-09-19 13:00:56.393,27113.6992401573,27009.805868452,26969.0749912303,181.849073554029,158.775024546014,60.7902205948261
2023-09-19 17:00:00.975,27200.8358483982,27094.1353295623,27023.1157252337,190.798472072322,165.179714051276,62.6069767519563
2023-09-19 21:00:54.556,27161.8733428942,27160.723084664,27026.4162777538,192.527647428829,170.649300726787,61.2405934650135
2023-09-20 01:01:15.641,27038.9338855626,27131.7109411669,27003.7312520071,181.881230984491,172.895686778327,57.0124599996756
2023-09-20 05:01:11.348,27063.8772937125,27115.843922145,27038.1610288426,173.457088483254,173.007967119313,57.6513093668592
2023-09-20 09:01:55.762,27120.1789689175,27117.139867897,27063.4728681745,169.371559605668,172.280685616584,59.1278111625931
2023-09-20 13:00:20.122,27149.5897564596,27106.8906495093,27100.5129895357,166.586646133932,171.141877720053,59.9140530192619
2023-09-20 17:01:20.706,27110.6005528906,27096.6360915086,27128.6795880862,159.396060694631,168.792714314969,58.3126040882613
2023-09-20 21:00:14.1,26974.567572967,27083.7628289895,27107.7368850782,141.094298083673,163.25303106871,52.9906828642348
2023-09-21 01:01:32.762,27067.5145329492,27084.4902768368,27100.1670994909,132.561970360461,157.11481892706,55.9489534645586
2023-09-21 05:01:22.215,26626.5733093572,26985.7691449248,27051.4545064108,89.1916220245585,143.53017954656,42.337384779
2023-09-21 09:00:16.465,26576.978101751,26871.246813983,26989.0687317461,50.2392627839727,124.871996194042,41.1254735311127
2023-09-21 13:00:49.394,26610.0555203476,26771.1378074744,26933.8869494915,21.7871598734564,104.255028929925,42.3115487933614
2023-09-21 17:00:45.237,26589.2321068025,26694.0707142415,26888.9167716155,-2.41378747454655,82.9212656490308,41.741440638718
2023-09-21 21:00:00.787,26578.905206148,26596.3488488813,26840.419562859,-22.1709344521223,61.9028256288002,41.443208488809
2023-09-22 01:00:23,26608.7890287765,26592.7919927651,26789.2805688449,-35.0136257553349,42.5195353519732,42.7186228714547
2023-09-22 05:00:06.103,26589.5625367334,26595.3088797616,26733.2778468723,-46.2102849649309,24.7735712885924,42.0835335336784
2023-09-22 09:00:16.16,26688.3379615314,26610.9653679984,26691.0515877364,-46.5764623109026,10.5035645686934,46.4852738933407
2023-09-22 13:00:31.493,26581.6579810994,26609.4505428577,26651.7606285496,-54.8426514077473,-2.56567862659476,42.7098228816248
2023-09-22 17:01:01.624,26582.5894166326,26610.1873849547,26603.268116918,-60.6197203566735,-14.1764869726105,42.7535405141385
2023-09-22 21:00:58.561,26545.4928712515,26597.5281534497,26595.1600731074,-67.414359531027,-24.8240614842938,41.3985781115941
2023-09-23 01:00:39.871,26584.6599446906,26596.5476350411,26595.9282574013,-68.8451010652971,-33.6282694004945,43.4368453321276
2023-09-23 05:00:27.539,26570.7275950064,26573.0255617361,26591.9954648672,-70.2929053639346,-40.9611965931825,42.8656945723319
2023-09-23 09:00:52.606,26568.1251901319,26570.3190035426,26589.8847732002,-70.8337654697934,-46.9357103685047,42.7526133925284
2023-09-23 13:00:31.342,26615.0989256551,26576.8209053471,26593.5041451509,-66.7031012891166,-50.8891885526271,45.5450464799837
